{
    "apaan tag tag": {
        "STKID": "13162625",
        "STKPKGID": "1326453"
    },
    "galon": {
        "STKID": "9",
        "STKPKGID": "1"
    },
    "haaa": {
        "STKID": "3",
        "STKPKGID": "1"
    },
    "hadeuh": {
        "STKID": "6",
        "STKPKGID": "1"
    },
    "hehehe": {
        "STKID": "10",
        "STKPKGID": "1"
    },
    "hmmm": {
        "STKID": "101",
        "STKPKGID": "1"
    },
    "lol": {
        "STKID": "110",
        "STKPKGID": "1"
    },
    "nenen ngapa nenen": {
        "STKID": "80543399",
        "STKPKGID": "4582339"
    },
    "oke": {
        "STKID": "817767",
        "STKPKGID": "1018582"
    },
    "omg": {
        "STKID": "18687401",
        "STKPKGID": "1520987"
    },
    "pagi": {
        "STKID": "13162614",
        "STKPKGID": "1326453"
    },
    "please": {
        "STKID": "4",
        "STKPKGID": "1"
    },
    "selfi": {
        "STKID": "18687408",
        "STKPKGID": "1520987"
    },
    "wkwk": {
        "STKID": "100",
        "STKPKGID": "1"
    },
    "woah": {
        "STKID": "18687404",
        "STKPKGID": "1520987"
    },
    "wow": {
        "STKID": "18687397",
        "STKPKGID": "1520987"
    },
    "woy": {
        "STKID": "80543405",
        "STKPKGID": "4582339"
    },
    "you": {
        "STKID": "7",
        "STKPKGID": "1"
    }
}